Apple 아이폰 13 256GB [자급제],"1,160,000원"
Apple 아이폰 13 프로 256GB [자급제],"1,424,323원"
Apple 아이폰 13 프로 128GB [자급제],"1,162,000원"
Apple 아이폰 13 미니 128GB [자급제],"920,470원"
Apple 아이폰 13 128GB [자급제],"1,046,400원"
Apple 아이폰 13 미니 256GB [자급제],"1,063,400원"
Apple 아이폰 13 프로 맥스 256GB [자급제],"1,600,000원"
Apple 아이폰 13 미니 512GB [자급제],"1,203,650원"
Apple 아이폰 13 프로 맥스 128GB [자급제],"1,490,000원"
Apple 아이폰 13 프로 512GB [자급제],"1,588,000원"
Apple 아이폰 13 프로 맥스 512GB [자급제],"1,869,990원"
Apple 아이폰 13 512GB [자급제],"1,298,000원"
Apple 아이폰 13 프로 1TB [자급제],"1,939,990원"
Apple 아이폰 13 프로 맥스 1TB [자급제],"2,036,910원"
Apple 아이폰 13 프로 256GB [LG U+],"819,930원"
Apple 아이폰 13 미니 256GB [LG U+],"137,880원"
Apple 아이폰 13 프로 맥스 256GB [LG U+],"935,180원"
Apple 아이폰 13 미니 128GB [LG U+],"88,240원"
Apple 아이폰 13 128GB [LG U+],"148,180원"
Apple 아이폰 13 프로 128GB [LG U+],"715,910원"
Apple 아이폰 13 미니 512GB [LG U+],"448,980원"
Apple 아이폰 13 256GB [LG U+],"272,180원"
Apple 아이폰 13 프로 맥스 128GB [LG U+],"813,180원"
Apple 아이폰 13 프로 512GB [LG U+],"988,980원"
Apple 아이폰 13 프로 맥스 512GB [LG U+],"1,259,180원"
Apple 아이폰 13 512GB [LG U+],"558,180원"
Apple 아이폰 13 프로 맥스 1TB [LG U+],"1,535,180원"
Apple 아이폰 13 프로 1TB [LG U+],"1,299,000원"
APLLE 아이폰13 미니 128GB 미개통 미개봉 새상품,"696,210원"
Apple 아이폰 13 mini 자급제 128GB 핑크,"920,530원"
아이폰 13 pro max 256G 자급제 미개통 새상품,"1,357,620원"
애플 아이폰13미니128GB 자급제 새상품 미개통 미개봉,"643,280원"
[아이폰] 애플 아이폰13 128GB 자급제 미개봉 새상품,"847,300원"
아이폰 Apple 아이폰13 미니 128GB 기기값 44만원,"446,000원"
아이폰13 미니 128GB 자급제 새상품,"736,350원"
Apple 아이폰 13 미니 256GB 새상품 미개봉 미개통,"478,080원"
해외Apple Iphone13 아이폰13자급제 홍콩 무음카메라 듀얼심,"1,228,300원"
애플 아이폰13프로맥스 256GB 자급제 미개봉 미개통,"1,374,720원"
Apple 아이폰 13 자급제 256GB - 핑크 (MLQ83KH/A),"1,230,000원"
[대여] 핸드폰 아이폰렌탈 최신 iphone13 무약정 무보증임대 - 30일,"92,000원"
